id,item_id,dept_id,cat_id,store_id,state_id,selling_day_fraction,training_price_coverage
HOUSEHOLD_1_007_CA_1_evaluation,HOUSEHOLD_1_007,HOUSEHOLD_1,HOUSEHOLD,CA_1,CA,0.8383561643835616,1.0
HOUSEHOLD_1_019_CA_1_evaluation,HOUSEHOLD_1_019,HOUSEHOLD_1,HOUSEHOLD,CA_1,CA,0.8986301369863013,1.0
HOUSEHOLD_1_027_CA_1_evaluation,HOUSEHOLD_1_027,HOUSEHOLD_1,HOUSEHOLD,CA_1,CA,0.9123287671232877,1.0
HOUSEHOLD_1_038_CA_1_evaluation,HOUSEHOLD_1_038,HOUSEHOLD_1,HOUSEHOLD,CA_1,CA,0.8410958904109589,1.0
HOUSEHOLD_1_040_CA_1_evaluation,HOUSEHOLD_1_040,HOUSEHOLD_1,HOUSEHOLD,CA_1,CA,0.821917808219178,1.0
HOUSEHOLD_1_048_CA_1_evaluation,HOUSEHOLD_1_048,HOUSEHOLD_1,HOUSEHOLD,CA_1,CA,0.8424657534246576,1.0
HOUSEHOLD_1_051_CA_1_evaluation,HOUSEHOLD_1_051,HOUSEHOLD_1,HOUSEHOLD,CA_1,CA,0.8904109589041096,1.0
HOUSEHOLD_1_066_CA_1_evaluation,HOUSEHOLD_1_066,HOUSEHOLD_1,HOUSEHOLD,CA_1,CA,0.8671232876712329,1.0
HOUSEHOLD_1_072_CA_1_evaluation,HOUSEHOLD_1_072,HOUSEHOLD_1,HOUSEHOLD,CA_1,CA,0.873972602739726,1.0
HOUSEHOLD_1_079_CA_1_evaluation,HOUSEHOLD_1_079,HOUSEHOLD_1,HOUSEHOLD,CA_1,CA,0.8191780821917808,1.0
HOUSEHOLD_1_019_CA_2_evaluation,HOUSEHOLD_1_019,HOUSEHOLD_1,HOUSEHOLD,CA_2,CA,0.9273972602739726,1.0
HOUSEHOLD_1_027_CA_2_evaluation,HOUSEHOLD_1_027,HOUSEHOLD_1,HOUSEHOLD,CA_2,CA,0.8136986301369863,1.0
HOUSEHOLD_1_040_CA_2_evaluation,HOUSEHOLD_1_040,HOUSEHOLD_1,HOUSEHOLD,CA_2,CA,0.8753424657534247,1.0
HOUSEHOLD_1_051_CA_2_evaluation,HOUSEHOLD_1_051,HOUSEHOLD_1,HOUSEHOLD,CA_2,CA,0.9301369863013699,1.0
HOUSEHOLD_1_055_CA_2_evaluation,HOUSEHOLD_1_055,HOUSEHOLD_1,HOUSEHOLD,CA_2,CA,0.8643835616438356,1.0
HOUSEHOLD_2_483_CA_2_evaluation,HOUSEHOLD_2_483,HOUSEHOLD_2,HOUSEHOLD,CA_2,CA,0.8054794520547945,1.0
HOUSEHOLD_1_072_CA_2_evaluation,HOUSEHOLD_1_072,HOUSEHOLD_1,HOUSEHOLD,CA_2,CA,0.9260273972602739,1.0
HOUSEHOLD_1_083_CA_2_evaluation,HOUSEHOLD_1_083,HOUSEHOLD_1,HOUSEHOLD,CA_2,CA,0.9041095890410958,1.0
HOUSEHOLD_1_118_CA_2_evaluation,HOUSEHOLD_1_118,HOUSEHOLD_1,HOUSEHOLD,CA_2,CA,0.821917808219178,1.0
HOUSEHOLD_1_173_CA_2_evaluation,HOUSEHOLD_1_173,HOUSEHOLD_1,HOUSEHOLD,CA_2,CA,0.8082191780821918,1.0
HOUSEHOLD_1_004_CA_3_evaluation,HOUSEHOLD_1_004,HOUSEHOLD_1,HOUSEHOLD,CA_3,CA,0.8931506849315068,1.0
HOUSEHOLD_1_007_CA_3_evaluation,HOUSEHOLD_1_007,HOUSEHOLD_1,HOUSEHOLD,CA_3,CA,0.8246575342465754,1.0
HOUSEHOLD_1_019_CA_3_evaluation,HOUSEHOLD_1_019,HOUSEHOLD_1,HOUSEHOLD,CA_3,CA,0.9643835616438357,1.0
HOUSEHOLD_1_027_CA_3_evaluation,HOUSEHOLD_1_027,HOUSEHOLD_1,HOUSEHOLD,CA_3,CA,0.9547945205479452,1.0
HOUSEHOLD_1_030_CA_3_evaluation,HOUSEHOLD_1_030,HOUSEHOLD_1,HOUSEHOLD,CA_3,CA,0.8232876712328767,1.0
HOUSEHOLD_2_115_CA_3_evaluation,HOUSEHOLD_2_115,HOUSEHOLD_2,HOUSEHOLD,CA_3,CA,0.8191780821917808,1.0
HOUSEHOLD_2_160_CA_3_evaluation,HOUSEHOLD_2_160,HOUSEHOLD_2,HOUSEHOLD,CA_3,CA,0.8178082191780822,1.0
HOUSEHOLD_2_176_CA_3_evaluation,HOUSEHOLD_2_176,HOUSEHOLD_2,HOUSEHOLD,CA_3,CA,0.8164383561643835,1.0
HOUSEHOLD_2_342_CA_3_evaluation,HOUSEHOLD_2_342,HOUSEHOLD_2,HOUSEHOLD,CA_3,CA,0.810958904109589,1.0
HOUSEHOLD_2_350_CA_3_evaluation,HOUSEHOLD_2_350,HOUSEHOLD_2,HOUSEHOLD,CA_3,CA,0.8506849315068493,1.0
HOUSEHOLD_1_151_CA_4_evaluation,HOUSEHOLD_1_151,HOUSEHOLD_1,HOUSEHOLD,CA_4,CA,0.815068493150685,1.0
HOUSEHOLD_1_294_CA_4_evaluation,HOUSEHOLD_1_294,HOUSEHOLD_1,HOUSEHOLD,CA_4,CA,0.8383561643835616,1.0
HOUSEHOLD_1_517_CA_4_evaluation,HOUSEHOLD_1_517,HOUSEHOLD_1,HOUSEHOLD,CA_4,CA,0.873972602739726,1.0
HOUSEHOLD_2_176_CA_4_evaluation,HOUSEHOLD_2_176,HOUSEHOLD_2,HOUSEHOLD,CA_4,CA,0.8027397260273973,1.0
HOUSEHOLD_1_019_TX_1_evaluation,HOUSEHOLD_1_019,HOUSEHOLD_1,HOUSEHOLD,TX_1,TX,0.8684931506849315,1.0
HOUSEHOLD_1_040_TX_1_evaluation,HOUSEHOLD_1_040,HOUSEHOLD_1,HOUSEHOLD,TX_1,TX,0.9068493150684932,1.0
HOUSEHOLD_1_051_TX_1_evaluation,HOUSEHOLD_1_051,HOUSEHOLD_1,HOUSEHOLD,TX_1,TX,0.9,1.0
HOUSEHOLD_1_066_TX_1_evaluation,HOUSEHOLD_1_066,HOUSEHOLD_1,HOUSEHOLD,TX_1,TX,0.8589041095890411,1.0
HOUSEHOLD_1_071_TX_1_evaluation,HOUSEHOLD_1_071,HOUSEHOLD_1,HOUSEHOLD,TX_1,TX,0.910958904109589,1.0
HOUSEHOLD_1_072_TX_1_evaluation,HOUSEHOLD_1_072,HOUSEHOLD_1,HOUSEHOLD,TX_1,TX,0.8205479452054795,1.0
HOUSEHOLD_1_090_TX_1_evaluation,HOUSEHOLD_1_090,HOUSEHOLD_1,HOUSEHOLD,TX_1,TX,0.9575342465753425,1.0
HOUSEHOLD_1_096_TX_1_evaluation,HOUSEHOLD_1_096,HOUSEHOLD_1,HOUSEHOLD,TX_1,TX,0.8753424657534247,1.0
HOUSEHOLD_1_110_TX_1_evaluation,HOUSEHOLD_1_110,HOUSEHOLD_1,HOUSEHOLD,TX_1,TX,0.910958904109589,1.0
HOUSEHOLD_1_118_TX_1_evaluation,HOUSEHOLD_1_118,HOUSEHOLD_1,HOUSEHOLD,TX_1,TX,0.9260273972602739,1.0
HOUSEHOLD_1_019_TX_2_evaluation,HOUSEHOLD_1_019,HOUSEHOLD_1,HOUSEHOLD,TX_2,TX,0.9287671232876712,1.0
HOUSEHOLD_1_040_TX_2_evaluation,HOUSEHOLD_1_040,HOUSEHOLD_1,HOUSEHOLD,TX_2,TX,0.8684931506849315,1.0
HOUSEHOLD_1_051_TX_2_evaluation,HOUSEHOLD_1_051,HOUSEHOLD_1,HOUSEHOLD,TX_2,TX,0.9191780821917809,1.0
HOUSEHOLD_1_066_TX_2_evaluation,HOUSEHOLD_1_066,HOUSEHOLD_1,HOUSEHOLD,TX_2,TX,0.8397260273972603,1.0
HOUSEHOLD_1_071_TX_2_evaluation,HOUSEHOLD_1_071,HOUSEHOLD_1,HOUSEHOLD,TX_2,TX,0.8972602739726028,1.0
HOUSEHOLD_1_072_TX_2_evaluation,HOUSEHOLD_1_072,HOUSEHOLD_1,HOUSEHOLD,TX_2,TX,0.8164383561643835,1.0
HOUSEHOLD_1_083_TX_2_evaluation,HOUSEHOLD_1_083,HOUSEHOLD_1,HOUSEHOLD,TX_2,TX,0.9205479452054794,1.0
HOUSEHOLD_1_090_TX_2_evaluation,HOUSEHOLD_1_090,HOUSEHOLD_1,HOUSEHOLD,TX_2,TX,0.8027397260273973,1.0
HOUSEHOLD_1_096_TX_2_evaluation,HOUSEHOLD_1_096,HOUSEHOLD_1,HOUSEHOLD,TX_2,TX,0.8643835616438356,1.0
HOUSEHOLD_1_110_TX_2_evaluation,HOUSEHOLD_1_110,HOUSEHOLD_1,HOUSEHOLD,TX_2,TX,0.9164383561643835,1.0
HOUSEHOLD_1_019_TX_3_evaluation,HOUSEHOLD_1_019,HOUSEHOLD_1,HOUSEHOLD,TX_3,TX,0.963013698630137,1.0
HOUSEHOLD_1_027_TX_3_evaluation,HOUSEHOLD_1_027,HOUSEHOLD_1,HOUSEHOLD,TX_3,TX,0.8383561643835616,1.0
HOUSEHOLD_1_040_TX_3_evaluation,HOUSEHOLD_1_040,HOUSEHOLD_1,HOUSEHOLD,TX_3,TX,0.9095890410958904,1.0
HOUSEHOLD_1_051_TX_3_evaluation,HOUSEHOLD_1_051,HOUSEHOLD_1,HOUSEHOLD,TX_3,TX,0.915068493150685,1.0
HOUSEHOLD_1_071_TX_3_evaluation,HOUSEHOLD_1_071,HOUSEHOLD_1,HOUSEHOLD,TX_3,TX,0.8273972602739726,1.0
HOUSEHOLD_2_342_TX_3_evaluation,HOUSEHOLD_2_342,HOUSEHOLD_2,HOUSEHOLD,TX_3,TX,0.863013698630137,1.0
HOUSEHOLD_1_072_TX_3_evaluation,HOUSEHOLD_1_072,HOUSEHOLD_1,HOUSEHOLD,TX_3,TX,0.8301369863013699,1.0
HOUSEHOLD_1_083_TX_3_evaluation,HOUSEHOLD_1_083,HOUSEHOLD_1,HOUSEHOLD,TX_3,TX,0.9246575342465754,1.0
HOUSEHOLD_1_090_TX_3_evaluation,HOUSEHOLD_1_090,HOUSEHOLD_1,HOUSEHOLD,TX_3,TX,0.9027397260273973,1.0
HOUSEHOLD_1_096_TX_3_evaluation,HOUSEHOLD_1_096,HOUSEHOLD_1,HOUSEHOLD,TX_3,TX,0.8410958904109589,1.0
HOUSEHOLD_1_019_WI_1_evaluation,HOUSEHOLD_1_019,HOUSEHOLD_1,HOUSEHOLD,WI_1,WI,0.8410958904109589,1.0
HOUSEHOLD_1_027_WI_1_evaluation,HOUSEHOLD_1_027,HOUSEHOLD_1,HOUSEHOLD,WI_1,WI,0.8479452054794521,1.0
HOUSEHOLD_1_045_WI_1_evaluation,HOUSEHOLD_1_045,HOUSEHOLD_1,HOUSEHOLD,WI_1,WI,0.8054794520547945,1.0
HOUSEHOLD_1_051_WI_1_evaluation,HOUSEHOLD_1_051,HOUSEHOLD_1,HOUSEHOLD,WI_1,WI,0.8849315068493151,1.0
HOUSEHOLD_1_055_WI_1_evaluation,HOUSEHOLD_1_055,HOUSEHOLD_1,HOUSEHOLD,WI_1,WI,0.863013698630137,1.0
HOUSEHOLD_1_072_WI_1_evaluation,HOUSEHOLD_1_072,HOUSEHOLD_1,HOUSEHOLD,WI_1,WI,0.8835616438356164,1.0
HOUSEHOLD_1_083_WI_1_evaluation,HOUSEHOLD_1_083,HOUSEHOLD_1,HOUSEHOLD,WI_1,WI,0.8068493150684931,1.0
HOUSEHOLD_1_107_WI_1_evaluation,HOUSEHOLD_1_107,HOUSEHOLD_1,HOUSEHOLD,WI_1,WI,0.8958904109589041,1.0
HOUSEHOLD_1_110_WI_1_evaluation,HOUSEHOLD_1_110,HOUSEHOLD_1,HOUSEHOLD,WI_1,WI,0.8698630136986302,1.0
HOUSEHOLD_1_198_WI_1_evaluation,HOUSEHOLD_1_198,HOUSEHOLD_1,HOUSEHOLD,WI_1,WI,0.8821917808219178,1.0
HOUSEHOLD_1_019_WI_2_evaluation,HOUSEHOLD_1_019,HOUSEHOLD_1,HOUSEHOLD,WI_2,WI,0.9191780821917809,1.0
HOUSEHOLD_1_025_WI_2_evaluation,HOUSEHOLD_1_025,HOUSEHOLD_1,HOUSEHOLD,WI_2,WI,0.821917808219178,1.0
HOUSEHOLD_1_027_WI_2_evaluation,HOUSEHOLD_1_027,HOUSEHOLD_1,HOUSEHOLD,WI_2,WI,0.910958904109589,1.0
HOUSEHOLD_1_040_WI_2_evaluation,HOUSEHOLD_1_040,HOUSEHOLD_1,HOUSEHOLD,WI_2,WI,0.9219178082191781,1.0
HOUSEHOLD_1_051_WI_2_evaluation,HOUSEHOLD_1_051,HOUSEHOLD_1,HOUSEHOLD,WI_2,WI,0.8863013698630137,1.0
HOUSEHOLD_2_342_WI_2_evaluation,HOUSEHOLD_2_342,HOUSEHOLD_2,HOUSEHOLD,WI_2,WI,0.9410958904109589,1.0
HOUSEHOLD_1_055_WI_2_evaluation,HOUSEHOLD_1_055,HOUSEHOLD_1,HOUSEHOLD,WI_2,WI,0.8164383561643835,1.0
HOUSEHOLD_1_071_WI_2_evaluation,HOUSEHOLD_1_071,HOUSEHOLD_1,HOUSEHOLD,WI_2,WI,0.9671232876712329,1.0
HOUSEHOLD_1_072_WI_2_evaluation,HOUSEHOLD_1_072,HOUSEHOLD_1,HOUSEHOLD,WI_2,WI,0.9616438356164384,1.0
HOUSEHOLD_1_075_WI_2_evaluation,HOUSEHOLD_1_075,HOUSEHOLD_1,HOUSEHOLD,WI_2,WI,0.826027397260274,1.0
HOUSEHOLD_1_019_WI_3_evaluation,HOUSEHOLD_1_019,HOUSEHOLD_1,HOUSEHOLD,WI_3,WI,0.9383561643835616,1.0
HOUSEHOLD_1_040_WI_3_evaluation,HOUSEHOLD_1_040,HOUSEHOLD_1,HOUSEHOLD,WI_3,WI,0.8383561643835616,1.0
HOUSEHOLD_1_051_WI_3_evaluation,HOUSEHOLD_1_051,HOUSEHOLD_1,HOUSEHOLD,WI_3,WI,0.8328767123287671,1.0
HOUSEHOLD_1_066_WI_3_evaluation,HOUSEHOLD_1_066,HOUSEHOLD_1,HOUSEHOLD,WI_3,WI,0.8123287671232877,1.0
HOUSEHOLD_1_071_WI_3_evaluation,HOUSEHOLD_1_071,HOUSEHOLD_1,HOUSEHOLD,WI_3,WI,0.9219178082191781,1.0
HOUSEHOLD_1_072_WI_3_evaluation,HOUSEHOLD_1_072,HOUSEHOLD_1,HOUSEHOLD,WI_3,WI,0.8972602739726028,1.0
HOUSEHOLD_1_083_WI_3_evaluation,HOUSEHOLD_1_083,HOUSEHOLD_1,HOUSEHOLD,WI_3,WI,0.9013698630136986,1.0
HOUSEHOLD_1_110_WI_3_evaluation,HOUSEHOLD_1_110,HOUSEHOLD_1,HOUSEHOLD,WI_3,WI,0.9273972602739726,1.0
HOUSEHOLD_1_118_WI_3_evaluation,HOUSEHOLD_1_118,HOUSEHOLD_1,HOUSEHOLD,WI_3,WI,0.9164383561643835,1.0
HOUSEHOLD_1_151_WI_3_evaluation,HOUSEHOLD_1_151,HOUSEHOLD_1,HOUSEHOLD,WI_3,WI,0.8383561643835616,1.0
HOUSEHOLD_1_090_CA_1_evaluation,HOUSEHOLD_1_090,HOUSEHOLD_1,HOUSEHOLD,CA_1,CA,0.8356164383561644,1.0
HOUSEHOLD_1_194_CA_2_evaluation,HOUSEHOLD_1_194,HOUSEHOLD_1,HOUSEHOLD,CA_2,CA,0.8027397260273973,1.0
HOUSEHOLD_1_038_CA_3_evaluation,HOUSEHOLD_1_038,HOUSEHOLD_1,HOUSEHOLD,CA_3,CA,0.8698630136986302,1.0
HOUSEHOLD_1_142_TX_1_evaluation,HOUSEHOLD_1_142,HOUSEHOLD_1,HOUSEHOLD,TX_1,TX,0.8054794520547945,1.0
HOUSEHOLD_1_118_TX_2_evaluation,HOUSEHOLD_1_118,HOUSEHOLD_1,HOUSEHOLD,TX_2,TX,0.9273972602739726,1.0
HOUSEHOLD_1_110_TX_3_evaluation,HOUSEHOLD_1_110,HOUSEHOLD_1,HOUSEHOLD,TX_3,TX,0.9027397260273973,1.0
